danceability,energy,key,loudness,mode_,speechiness,acousticness,instrumentalness,liveness,tempo,duration_ms,time_signature,playlist
0.319,0.236,5,-9.644,1,0.0318,0.898,1.62e-05,0.272,162.351,156091,4,0
0.806,0.398,2,-8.211,1,0.354,0.745,0.0,0.0906,95.146,141932,4,0
0.637,0.519,6,-9.461,1,0.0283,0.343,5.74e-05,0.273,145.024,268147,4,0
0.797,0.755,2,-5.393,1,0.0293,0.331,2.26e-06,0.124,129.955,135878,4,0
0.619,0.481,10,-7.85,0,0.0366,0.0131,0.0001,0.101,133.977,238067,4,0
0.621,0.352,4,-11.149,0,0.0314,0.0213,0.00435,0.11,124.995,267180,4,0
0.529,0.536,8,-11.269,1,0.0627,0.826,0.00082,0.141,107.873,275320,4,0
0.409,0.594,1,-9.725,1,0.031,0.032,0.0391,0.0904,110.187,209455,4,0
0.74,0.798,0,-6.55,1,0.146,0.189,0.00128,0.305,119.964,261360,4,0
0.642,0.549,11,-8.303,0,0.0996,0.522,0.000116,0.0764,99.906,185853,4,0
0.586,0.514,1,-11.31,0,0.0317,0.521,0.946,0.141,112.244,167253,4,0
0.789,0.437,5,-10.471,0,0.0338,0.035,0.00336,0.12,120.013,199733,4,0
0.449,0.875,8,-6.172,1,0.041,0.118,0.469,0.29,140.078,190218,4,0
0.756,0.498,6,-8.808,0,0.0866,0.524,0.0342,0.101,96.104,147653,4,0
0.356,0.172,0,-18.2,1,0.0439,0.958,0.758,0.101,122.347,139219,4,0
0.604,0.573,2,-7.804,1,0.037,0.289,0.0406,0.133,107.862,206947,4,0
0.378,0.478,7,-7.85,1,0.036,0.772,0.00472,0.304,101.485,320981,4,0
0.59,0.852,2,-5.992,1,0.0392,0.00657,0.00209,0.238,120.047,197493,4,0
0.653,0.787,6,-7.174,0,0.0294,0.00427,0.158,0.0699,125.007,232960,4,0
0.298,0.38,6,-8.426,1,0.0287,0.778,5.62e-05,0.11,75.602,285634,4,0
0.577,0.62,9,-6.917,1,0.102,0.0306,0.0,0.105,159.657,159000,4,0
0.65,0.629,9,-9.277,1,0.216,0.884,0.0,0.138,141.047,191533,4,0
0.553,0.354,4,-15.02,1,0.0489,0.976,0.674,0.305,87.814,148706,4,0
0.698,0.566,4,-10.487,1,0.0285,0.0976,0.178,0.323,117.567,222240,4,0
0.588,0.521,10,-9.461,1,0.0329,0.0678,0.149,0.123,85.012,260173,4,0
0.676,0.641,9,-7.923,1,0.0296,0.267,0.262,0.119,84.97,241413,4,0
0.674,0.686,2,-6.08,1,0.0237,0.227,0.0,0.39,100.502,279480,4,0
0.575,0.161,5,-25.321,0,0.0509,0.923,0.232,0.112,69.007,208744,4,0
0.68,0.487,1,-9.031,1,0.0692,0.409,0.0172,0.109,82.019,299028,4,0
0.822,0.175,9,-8.969,0,0.0932,0.273,7.04e-05,0.076,88.918,194187,4,0
0.655,0.372,7,-12.582,1,0.0919,0.264,2.18e-05,0.182,146.532,114440,4,0
0.535,0.404,2,-6.156,1,0.0428,0.0379,0.000153,0.148,101.983,173567,4,0
0.682,0.21,7,-15.065,1,0.156,0.661,7.22e-05,0.149,77.999,261667,4,0
0.741,0.5,0,-9.525,1,0.136,0.331,0.0,0.277,96.273,285597,4,0
0.695,0.237,10,-11.741,1,0.033,0.932,1.35e-06,0.116,107.795,229619,3,0
0.947,0.445,1,-8.043,1,0.0445,0.451,0.819,0.131,120.962,193635,4,0
0.831,0.222,6,-12.583,0,0.0472,0.16,0.00764,0.0862,61.984,260481,4,0
0.778,0.465,8,-8.637,1,0.0328,0.803,0.169,0.105,121.962,258267,4,0
0.59,0.187,4,-15.924,1,0.0466,0.976,0.827,0.0944,92.962,159090,4,0
0.775,0.327,9,-13.635,0,0.032,0.743,0.287,0.091,95.036,198960,4,0
0.543,0.498,9,-10.152,1,0.0678,0.692,0.433,0.078,113.394,241097,4,0
0.564,0.596,3,-5.909,1,0.0273,0.798,0.787,0.118,135.014,131437,4,0
0.612,0.584,8,-12.687,1,0.204,0.354,0.917,0.111,93.741,225973,4,0
0.45,0.477,6,-11.804,0,0.0309,0.00378,0.915,0.0861,120.047,241000,4,0
0.584,0.684,10,-4.314,0,0.567,0.312,9.05e-05,0.112,210.164,213573,4,0
0.565,0.395,1,-14.18,1,0.205,0.449,0.00306,0.13,109.959,174801,4,0
0.482,0.635,5,-8.677,0,0.0785,0.00986,0.00641,0.421,146.979,213169,4,0
0.822,0.314,0,-12.415,1,0.0421,0.534,0.0192,0.165,117.984,312301,4,0
0.418,0.449,6,-9.113,1,0.059,0.483,0.000349,0.306,127.169,293499,4,0
0.716,0.697,7,-8.409,1,0.0259,0.00846,0.144,0.229,111.999,246464,4,0
0.325,0.321,8,-16.623,1,0.0301,0.889,0.202,0.115,182.077,329361,3,0
0.559,0.871,5,-5.338,0,0.0392,7.53e-06,0.00524,0.096,104.976,213920,4,0
0.665,0.35,2,-9.426,1,0.028,0.508,0.83,0.109,87.061,126120,4,0
0.578,0.446,3,-8.685,0,0.0381,0.847,0.0,0.106,168.017,220804,4,0
0.578,0.166,4,-17.194,1,0.0335,0.942,0.0069,0.103,99.891,214173,4,0
0.561,0.803,8,-6.349,0,0.029,0.209,0.324,0.17,140.915,213864,4,0
0.851,0.663,7,-7.168,1,0.0532,0.0167,0.363,0.103,108.004,234372,4,0
0.541,0.491,5,-8.747,0,0.0263,0.477,0.000816,0.102,76.99,202922,4,0
0.646,0.595,10,-6.709,0,0.0512,0.00457,5.79e-06,0.0527,73.973,238880,4,0
0.836,0.74,9,-4.77,0,0.057,0.0622,0.0034,0.121,101.986,177920,4,0
0.511,0.215,6,-10.877,1,0.0318,0.914,0.00233,0.055,145.523,204293,4,0
0.48,0.429,10,-8.848,0,0.0479,0.355,0.0552,0.114,174.27,437933,4,0
0.91,0.282,1,-8.989,1,0.111,0.098,0.000631,0.094,115.627,477008,4,0
0.603,0.617,8,-6.869,1,0.0455,0.0195,0.0067,0.0995,110.007,173474,4,0
0.681,0.452,11,-11.323,1,0.0847,0.81,1.13e-06,0.76,120.025,275500,4,0
0.654,0.47,1,-10.383,0,0.0586,0.274,0.249,0.103,77.083,202597,4,0
0.688,0.847,10,-3.238,0,0.0508,0.04,2.81e-06,0.598,93.979,212147,4,0
0.592,0.416,1,-9.794,1,0.0246,0.882,0.000586,0.112,96.002,210080,4,0
0.666,0.7,2,-10.143,1,0.0872,0.255,0.532,0.168,129.938,254360,4,0
0.646,0.374,2,-11.433,1,0.05,0.408,0.142,0.0907,139.923,187533,4,0
0.739,0.56,5,-7.774,1,0.0864,0.645,1.44e-05,0.118,119.953,186070,4,0
0.691,0.798,10,-5.61,1,0.0471,0.114,1.27e-05,0.11,123.93,296064,4,0
0.663,0.444,11,-11.214,0,0.0338,0.274,0.659,0.388,122.974,240493,4,0
0.631,0.811,5,-3.749,0,0.027,0.0596,0.00887,0.295,90.248,239093,4,0
0.498,0.721,10,-5.232,1,0.0282,0.136,0.7,0.0933,140.027,226440,4,0
0.621,0.421,10,-11.834,1,0.0286,0.677,0.351,0.0615,129.958,245133,4,0
0.814,0.851,0,-6.618,1,0.0735,0.0538,0.0815,0.119,104.043,130839,4,0
0.311,0.463,6,-10.838,1,0.0601,0.606,2.15e-05,0.263,159.401,214893,4,0
0.731,0.502,4,-10.285,0,0.0721,0.0163,0.0341,0.169,130.093,201446,4,0
0.478,0.684,1,-3.316,1,0.0402,0.338,0.34,0.35,162.562,263734,4,0
0.395,0.31,7,-20.734,1,0.0509,0.886,0.694,0.103,181.88,178773,3,0
0.526,0.877,3,-4.369,0,0.033,0.172,0.0108,0.223,145.568,255067,3,0
0.677,0.545,6,-6.943,0,0.0316,0.0397,0.0878,0.497,120.017,345500,4,0
0.935,0.355,10,-10.332,0,0.0648,0.768,0.148,0.25,122.018,194267,4,0
0.684,0.477,1,-9.458,1,0.14,0.886,0.366,0.103,149.89,223900,3,0
0.746,0.531,11,-7.882,0,0.034,0.443,0.394,0.167,126.975,232569,4,0
0.552,0.394,0,-8.141,1,0.0367,0.116,0.0152,0.124,109.958,269632,4,0
0.434,0.563,11,-6.784,1,0.0268,0.0197,0.000824,0.128,104.183,235373,4,0
0.753,0.826,7,-8.206,1,0.0367,0.174,6.58e-06,0.99,135.0,283845,4,0
0.643,0.437,2,-9.407,0,0.138,0.701,1.15e-06,0.109,98.934,174545,4,0
0.717,0.484,5,-8.001,0,0.0264,0.209,0.000732,0.328,130.988,286000,4,0
0.809,0.541,3,-6.525,1,0.252,0.855,0.000977,0.142,92.132,94933,4,0
0.837,0.678,1,-7.696,1,0.0357,0.0894,0.137,0.107,130.014,115928,4,0
0.783,0.382,10,-10.352,1,0.0274,0.74,0.000192,0.461,125.022,235912,4,0
0.573,0.473,8,-10.839,0,0.0268,0.0944,0.397,0.199,77.494,227653,4,0
0.625,0.659,0,-5.669,1,0.0337,0.12,0.0,0.17,113.551,198961,4,0
0.514,0.474,7,-5.617,1,0.0238,0.34,0.00105,0.123,98.082,192867,4,0
0.64,0.548,7,-6.965,1,0.147,0.543,3.1e-06,0.303,148.077,212495,4,0
0.771,0.329,0,-12.227,0,0.0382,0.634,0.0,0.112,111.09,109871,4,0
0.287,0.769,11,-4.853,1,0.122,0.17,8.7e-05,0.146,78.042,213000,4,0
0.816,0.543,6,-10.02,0,0.11,0.481,0.328,0.109,100.006,272737,4,0
0.498,0.419,7,-9.285,0,0.111,0.785,3.68e-05,0.568,137.439,314000,4,0
0.534,0.6,5,-9.138,0,0.28,0.505,0.316,0.188,202.086,210653,4,0
0.291,0.112,8,-21.249,0,0.0345,0.902,0.19,0.102,82.979,340567,4,0
0.489,0.121,6,-11.402,0,0.0342,0.96,0.0,0.115,135.426,146760,4,0
0.554,0.718,1,-8.405,1,0.0509,0.0119,0.136,0.339,149.748,219984,4,0
0.482,0.678,6,-6.614,0,0.034,0.129,0.00468,0.188,130.014,298184,4,0
0.437,0.526,11,-5.876,0,0.174,0.643,0.0,0.325,76.162,319959,4,0
0.553,0.743,1,-6.16,0,0.279,0.0143,0.0,0.116,83.567,154122,4,0
0.565,0.726,0,-6.715,1,0.0548,0.00181,3.06e-06,0.103,178.078,198627,4,0
0.804,0.582,9,-6.068,0,0.0265,0.592,0.00118,0.0802,109.041,327199,4,0
0.764,0.24,0,-11.229,1,0.104,0.861,0.00681,0.101,76.019,148563,4,0
0.861,0.647,7,-7.425,1,0.0675,0.594,0.661,0.114,158.037,133680,4,0
0.667,0.677,0,-8.154,1,0.0318,0.526,2.64e-05,0.129,131.768,161613,4,0
0.503,0.329,0,-11.404,1,0.0338,0.804,0.31,0.165,61.662,200680,4,0
0.703,0.583,10,-7.632,0,0.0607,0.0567,0.0996,0.0867,138.904,172707,4,0
0.52,0.304,11,-15.255,0,0.0284,0.816,0.366,0.0948,103.981,231640,4,0
0.596,0.362,3,-11.879,0,0.0535,0.735,0.00216,0.654,132.067,316188,4,0
0.609,0.573,11,-11.871,1,0.247,0.359,0.423,0.596,109.8,209840,4,0
0.633,0.565,11,-11.125,1,0.0614,0.856,0.00542,0.381,109.951,325155,4,0
0.604,0.852,5,-7.159,0,0.106,0.0135,0.000102,0.441,161.958,198129,4,0
0.573,0.639,0,-7.143,1,0.0247,0.784,0.633,0.0923,89.575,248707,4,0
0.579,0.232,8,-18.228,1,0.0434,0.395,0.0553,0.344,127.151,230625,4,0
0.755,0.445,11,-13.343,0,0.0516,0.821,0.566,0.11,113.52,230148,4,0
0.32,0.324,8,-16.613,1,0.03,0.887,0.202,0.119,182.057,329361,3,0
0.756,0.549,7,-7.823,1,0.0475,0.705,0.0141,0.26,106.99,222309,3,0
0.705,0.487,0,-8.009,0,0.0312,0.0323,0.276,0.104,104.981,180163,4,0
0.505,0.882,1,-6.051,0,0.0405,0.0123,0.462,0.255,112.983,231680,4,0
0.43,0.358,9,-10.477,1,0.0334,0.948,0.00108,0.104,100.211,285947,4,0
0.383,0.513,6,-5.377,0,0.0278,0.125,0.000123,0.241,108.536,254520,4,0
0.213,0.531,8,-15.255,1,0.0849,0.866,0.94,0.0932,190.136,295818,4,0
0.578,0.877,10,-8.182,1,0.0372,0.00767,0.000158,0.111,90.011,163608,4,0
0.504,0.552,4,-7.314,1,0.0389,0.406,0.0,0.494,147.594,207720,4,0
0.73,0.676,9,-4.436,1,0.0467,0.00894,0.385,0.0534,93.922,248973,4,0
0.68,0.613,1,-5.959,1,0.0612,0.0319,0.236,0.073,58.099,273547,4,0
0.816,0.255,6,-10.016,0,0.0416,0.774,0.00684,0.114,89.922,155528,4,0
0.651,0.944,2,-5.48,1,0.0381,0.0855,0.145,0.116,119.983,263440,4,0
0.67,0.528,8,-9.372,0,0.0323,0.0565,0.00117,0.102,87.965,278311,4,0
0.629,0.823,1,-5.744,1,0.0597,0.35,0.039,0.0801,169.961,223773,4,0
0.547,0.486,5,-8.433,1,0.0661,0.162,0.00569,0.147,80.565,260923,4,0
0.541,0.334,2,-10.788,1,0.0282,0.593,0.131,0.112,131.385,408285,4,0
0.654,0.644,0,-7.672,1,0.0355,0.104,0.0468,0.64,127.848,310184,4,0
0.621,0.376,2,-10.832,1,0.0552,0.471,0.0289,0.102,139.842,273864,4,0
0.598,0.71,0,-6.839,0,0.0272,0.0476,1.77e-05,0.1,97.976,274294,4,0
0.468,0.513,9,-7.683,1,0.0282,0.702,0.000119,0.174,117.933,252200,3,0
0.434,0.384,1,-11.972,1,0.0294,0.371,0.935,0.13,100.073,251573,4,0
0.67,0.956,1,-4.381,1,0.16,0.177,3.65e-05,0.726,173.966,221067,4,0
0.77,0.335,8,-12.704,1,0.0387,0.934,0.457,0.0621,121.988,209309,4,0
0.746,0.632,6,-7.32,0,0.0462,0.00252,0.859,0.542,103.612,190999,4,0
0.421,0.666,1,-4.323,0,0.0376,0.26,0.909,0.119,90.795,154147,1,0
0.335,0.459,7,-10.36,1,0.0433,0.851,0.00233,0.0946,150.772,302493,3,0
0.721,0.648,6,-8.438,1,0.0387,0.231,0.0859,0.0764,94.897,307400,4,0
0.526,0.501,7,-11.754,1,0.0394,0.172,0.365,0.117,130.095,254771,4,0
0.464,0.82,2,-5.802,0,0.0487,0.0155,0.00748,0.361,115.007,232328,4,0
0.684,0.394,5,-10.165,0,0.148,0.47,0.00321,0.109,105.788,252533,4,0
0.83,0.387,11,-12.418,0,0.139,0.539,0.0,0.075,117.993,202537,4,0
0.732,0.504,4,-10.276,0,0.072,0.0158,0.031,0.166,130.084,201446,4,0
0.667,0.428,6,-8.911,0,0.264,0.245,0.0,0.144,119.599,184562,4,0
0.271,0.486,0,-11.956,0,0.0407,0.351,0.156,0.0894,179.826,246704,3,0
0.791,0.42,1,-13.289,0,0.0832,0.413,0.116,0.111,93.225,429372,4,0
0.518,0.385,9,-11.125,0,0.0286,0.64,0.000536,0.0931,100.878,405027,4,0
0.69,0.743,2,-7.527,1,0.0787,0.554,0.372,0.298,94.55,177656,4,0
0.552,0.501,2,-7.742,0,0.0918,0.921,0.047,0.284,74.849,356960,4,0
0.771,0.495,3,-10.294,0,0.0334,0.666,0.0118,0.107,102.705,275907,4,0
0.746,0.468,9,-9.543,1,0.0313,0.57,0.00804,0.343,173.746,287546,4,0
0.525,0.608,8,-6.03,1,0.0289,0.303,0.0,0.323,114.868,175304,4,0
0.466,0.548,5,-9.362,0,0.118,0.42,1.01e-06,0.113,89.815,307151,4,0
0.722,0.675,1,-5.61,0,0.0776,0.873,0.118,0.305,120.012,212000,4,0
0.793,0.456,5,-10.302,1,0.264,0.112,0.000416,0.311,97.008,251560,4,0
0.464,0.539,5,-8.701,1,0.394,0.488,0.00022,0.063,173.661,189510,4,0
0.265,0.8,6,-6.577,0,0.0648,0.743,0.976,0.533,91.506,337373,4,0
0.394,0.197,2,-11.719,0,0.0346,0.977,0.0139,0.0725,136.12,186187,4,0
0.716,0.912,0,-5.318,0,0.0396,0.853,0.863,0.0574,130.005,228923,4,0
0.341,0.647,0,-4.363,1,0.0344,0.0305,0.323,0.0988,150.929,256413,4,0
0.693,0.439,4,-11.646,1,0.0276,0.0675,0.496,0.112,113.942,244928,4,0
0.414,0.373,6,-10.59,0,0.028,0.506,0.0335,0.128,81.939,240000,4,0
0.358,0.161,1,-16.848,1,0.0368,0.987,0.0315,0.11,83.351,158786,4,0
0.605,0.443,8,-13.171,0,0.0351,0.611,0.0917,0.111,111.87,274729,4,0
0.574,0.62,6,-11.141,0,0.0282,0.437,0.923,0.0813,121.019,230200,4,0
0.803,0.561,9,-8.683,0,0.0281,0.442,0.358,0.475,114.929,133921,4,0
0.776,0.503,0,-5.732,0,0.237,0.874,0.0,0.112,110.134,210285,4,0
0.809,0.463,11,-11.377,1,0.0396,0.256,0.085,0.109,111.98,298941,4,0
0.475,0.603,7,-11.517,1,0.0387,0.549,0.246,0.336,164.925,224176,4,0
0.496,0.725,9,-6.107,1,0.0467,0.0241,0.00139,0.0608,94.012,235483,4,0
0.472,0.348,4,-11.273,1,0.0421,0.528,0.035,0.245,129.575,184130,4,0
0.705,0.407,2,-11.554,1,0.0619,0.422,0.829,0.115,90.002,126896,4,0
0.758,0.326,2,-12.719,1,0.0406,0.896,0.0174,0.129,129.787,117480,4,0
0.0745,0.151,9,-21.248,0,0.0406,0.488,0.929,0.114,80.035,594700,5,0
0.652,0.669,11,-7.797,0,0.0262,0.122,0.00039,0.169,115.047,194009,4,0
0.514,0.442,9,-11.62,0,0.556,0.358,0.225,0.0817,66.356,176587,3,0
0.698,0.542,2,-4.317,1,0.131,0.132,0.00117,0.199,140.096,165391,4,0
0.725,0.801,5,-5.326,0,0.035,0.137,0.0397,0.133,129.98,268747,4,0
0.414,0.473,11,-8.911,0,0.116,0.663,0.0523,0.128,100.0,129698,4,0
0.497,0.282,9,-16.008,0,0.029,0.83,0.763,0.103,169.66,179373,4,0
0.409,0.579,11,-5.156,0,0.0387,0.0113,5.24e-06,0.368,111.426,323747,4,0
0.645,0.72,8,-6.032,1,0.0399,0.0124,1.18e-06,0.502,92.799,186493,4,0
0.539,0.309,4,-13.597,1,0.0326,0.559,0.702,0.109,119.991,201712,4,0
0.405,0.121,6,-23.169,1,0.0329,0.945,0.00148,0.112,82.721,160882,4,0
0.425,0.979,7,-1.905,1,0.118,0.00037,0.0,0.104,147.513,253560,4,0
0.661,0.658,6,-6.782,0,0.0303,0.0332,0.0464,0.315,147.991,130693,4,0
0.754,0.37,6,-9.854,0,0.12,0.403,6.22e-05,0.107,114.941,193600,4,0
0.379,0.908,10,-6.38,0,0.274,0.118,9.53e-06,0.0946,183.481,203173,4,0
0.664,0.48,5,-6.953,1,0.0417,0.0653,0.0222,0.11,138.896,155396,4,0
0.508,0.958,1,-4.622,1,0.0736,9.38e-05,0.0451,0.0896,130.147,168360,4,0
0.64,0.74,4,-4.083,1,0.0284,0.0115,0.00678,0.167,116.879,216320,4,0
0.454,0.663,5,-8.54,1,0.0415,0.407,0.0466,0.0913,173.988,285533,4,0
0.68,0.527,9,-7.581,1,0.0456,0.268,4.68e-05,0.112,122.054,112131,4,0
0.698,0.445,2,-10.203,0,0.043,0.153,1.2e-05,0.26,128.002,194000,4,0
0.563,0.468,9,-12.265,1,0.0363,0.0444,0.0,0.301,101.849,230588,4,0
0.559,0.531,1,-10.682,1,0.0355,0.0653,0.104,0.12,114.983,233739,4,0
0.643,0.44,1,-9.849,1,0.034,0.168,0.0,0.33,120.022,168000,4,0
0.523,0.469,0,-12.013,1,0.0365,0.204,0.000142,0.0909,114.988,198261,4,0
0.378,0.469,6,-11.292,0,0.0369,0.0136,6.3e-05,0.355,139.757,233143,4,0
0.68,0.348,0,-13.55,1,0.0332,0.635,0.0,0.0859,115.099,179478,4,0
0.407,0.411,7,-11.841,1,0.0354,0.342,2.98e-05,0.128,107.922,277778,4,0
0.595,0.417,10,-12.621,0,0.0538,0.273,0.000264,0.131,130.002,208615,4,0
0.597,0.405,11,-9.164,0,0.0398,0.473,4.72e-06,0.17,110.001,174545,4,0
0.63,0.449,8,-11.679,1,0.0568,0.195,0.00892,0.117,145.019,158897,4,0
0.732,0.26,7,-14.765,0,0.0327,0.334,0.00174,0.0901,123.007,263415,4,0
0.606,0.533,2,-7.744,0,0.0445,0.33,0.000398,0.0906,120.135,160105,3,0
0.725,0.775,5,-6.694,0,0.102,0.0279,0.588,0.0969,145.979,299853,4,0
0.559,0.502,9,-9.844,1,0.256,0.807,0.0346,0.347,90.333,263345,4,0
0.402,0.664,7,-6.619,1,0.0477,0.00959,8.99e-06,0.108,145.493,155500,4,0
0.52,0.54,0,-11.584,1,0.0283,0.163,0.778,0.0839,174.974,350480,4,0
0.649,0.837,4,-5.998,0,0.246,0.00347,0.0,0.58,112.121,217400,4,0
0.698,0.497,2,-8.144,1,0.0282,0.572,0.000154,0.0533,102.013,184360,4,0
0.587,0.722,11,-7.068,1,0.0417,0.117,4.21e-05,0.109,129.986,195692,4,0
0.575,0.784,1,-4.594,0,0.0795,0.0206,0.0,0.219,142.976,232832,4,0
0.513,0.754,10,-5.309,1,0.0432,0.022,0.546,0.0766,99.983,313493,4,0
0.663,0.643,5,-4.383,1,0.0316,0.535,0.0,0.308,121.97,228907,4,0
0.54,0.456,2,-11.691,1,0.272,0.707,4.05e-05,0.101,129.125,205347,3,0
0.678,0.494,6,-9.539,0,0.245,0.185,0.0094,0.201,130.026,387692,4,0
0.523,0.477,6,-9.076,1,0.0254,0.0961,0.000106,0.101,76.973,272507,4,0
0.578,0.544,6,-8.745,1,0.0668,0.085,0.00817,0.17,92.986,165233,4,0
0.625,0.682,9,-11.882,0,0.0355,0.267,0.85,0.679,125.032,268788,4,0
0.467,0.761,9,-5.893,1,0.0386,0.0186,1.25e-06,0.0666,145.241,225333,4,0
0.654,0.786,0,-4.697,1,0.0879,0.132,0.0,0.0756,120.097,163427,4,0
0.553,0.95,2,-2.543,1,0.0551,0.000264,0.0,0.29,128.745,179733,4,0
0.369,0.591,4,-6.37,1,0.102,0.329,3.48e-06,0.0762,158.399,218613,1,0
0.488,0.499,0,-13.396,1,0.0254,0.343,1.31e-05,0.154,96.094,142760,4,0
0.52,0.622,7,-8.421,0,0.0422,0.251,0.0,0.0702,133.943,250000,4,0
0.232,0.738,2,-2.793,1,0.0447,0.0218,0.192,0.214,120.813,282197,4,0
0.676,0.606,1,-7.052,1,0.0461,0.0259,0.21,0.112,130.394,185493,4,0
0.472,0.49,4,-7.974,1,0.0318,0.203,0.0283,0.158,79.698,275693,4,0
0.759,0.492,0,-7.795,1,0.0413,0.252,0.000301,0.089,133.061,241635,4,0
0.538,0.673,9,-9.278,0,0.0416,0.193,0.00276,0.0959,150.086,236107,4,0
0.733,0.801,4,-3.728,0,0.195,0.356,9.37e-06,0.365,107.961,278160,4,0
0.562,0.191,5,-17.438,1,0.0431,0.241,0.0184,0.12,116.111,256587,4,0
0.448,0.733,3,-6.238,1,0.0292,0.0369,0.0425,0.169,142.008,258653,4,0
0.64,0.893,7,-5.795,0,0.0475,0.0406,0.00738,0.0735,133.973,210613,4,0
0.803,0.47,6,-7.232,0,0.0387,0.587,0.091,0.0723,121.226,290173,4,0
0.768,0.393,0,-11.737,1,0.0399,0.229,0.375,0.0923,131.989,206600,5,0
0.523,0.445,2,-12.239,1,0.0375,0.56,0.834,0.315,117.43,138587,4,0
0.623,0.65,10,-7.953,1,0.0274,0.245,0.000913,0.146,116.74,227907,4,0
0.648,0.177,9,-13.474,0,0.0311,0.985,0.000353,0.134,99.101,228547,3,0
0.696,0.269,5,-16.422,0,0.0329,0.951,0.0262,0.11,127.798,152480,4,0
0.56,0.467,3,-6.13,1,0.03,0.564,0.0,0.128,129.663,137653,4,0
0.474,0.919,11,-5.966,1,0.0779,0.00119,1.82e-06,0.314,149.055,201240,4,0
0.388,0.595,1,-9.799,1,0.0325,0.663,5.58e-05,0.178,190.043,204213,4,0
0.665,0.389,1,-6.709,1,0.441,0.745,0.000982,0.326,89.962,210001,4,0
0.863,0.601,7,-6.978,0,0.054,0.109,0.00764,0.0676,122.961,251960,4,0
0.558,0.432,0,-8.94,1,0.0271,0.15,0.000261,0.265,72.975,243253,4,0
0.701,0.884,10,-7.338,0,0.0546,0.00537,0.0011,0.402,120.002,340268,4,0
0.747,0.557,7,-5.363,1,0.0394,0.0264,0.00961,0.547,139.958,285160,4,0
0.383,0.66,9,-6.286,1,0.0304,0.001,0.0484,0.135,93.932,224681,4,0
0.534,0.719,1,-7.586,0,0.0437,0.0246,0.895,0.0956,117.027,259186,4,0
0.641,0.782,5,-9.345,1,0.0294,0.0193,0.432,0.288,106.999,331963,4,0
0.47,0.902,10,-6.261,0,0.0437,0.129,0.342,0.226,100.003,274533,4,0
0.387,0.626,1,-7.134,0,0.0344,0.242,0.0012,0.11,139.724,373133,4,0
0.603,0.562,4,-7.66,1,0.0381,0.549,0.0,0.225,116.02,384250,4,0
0.611,0.677,10,-6.745,0,0.034,0.0764,0.0698,0.241,166.04,255320,4,0
0.879,0.566,11,-8.789,1,0.0364,0.411,0.000128,0.0794,114.006,315693,4,0
0.495,0.491,6,-9.337,0,0.0248,0.00412,0.39,0.103,104.224,353227,4,0
0.391,0.784,0,-5.117,0,0.178,0.000693,0.00379,0.119,193.712,237520,4,0
0.508,0.674,5,-4.204,0,0.031,0.000244,0.201,0.172,109.027,220133,4,0
0.451,0.773,8,-8.886,0,0.0404,0.000443,0.91,0.163,122.99,233560,4,0
0.483,0.593,9,-6.864,1,0.029,0.0252,0.00961,0.269,127.154,209280,4,0
0.526,0.515,9,-13.372,1,0.0378,0.583,0.758,0.116,150.034,260880,4,0
0.734,0.526,1,-8.086,1,0.0492,0.465,0.000251,0.11,125.936,319819,4,0
0.55,0.321,0,-8.291,1,0.0381,0.00104,0.576,0.0767,75.077,223779,4,0
0.256,0.564,2,-7.836,1,0.045,0.968,0.928,0.0848,76.58,183331,4,0
0.392,0.39,0,-16.047,1,0.0434,0.915,0.926,0.623,71.684,86700,4,0
0.544,0.758,0,-5.854,1,0.0319,0.0928,0.000232,0.113,141.804,215933,4,0
0.606,0.627,6,-12.566,0,0.0491,0.0745,0.797,0.432,123.132,178200,4,0
0.342,0.977,9,-5.941,1,0.0798,0.0293,0.0474,0.384,174.035,136496,4,0
0.67,0.697,4,-7.858,1,0.114,0.231,0.289,0.362,96.089,360480,4,0
0.598,0.928,8,-6.821,1,0.117,0.0133,4.14e-05,0.293,127.01,334940,4,0
0.689,0.519,7,-10.072,1,0.0437,0.0632,0.0153,0.118,114.928,267411,4,0
0.733,0.54,1,-11.918,1,0.0505,0.668,0.687,0.0985,101.4,198720,4,0
0.484,0.731,1,-6.694,1,0.0379,0.431,0.0,0.151,101.654,204280,4,0
0.324,0.256,7,-11.229,0,0.042,0.869,0.078,0.134,77.906,223600,4,0
0.484,0.721,3,-5.717,1,0.0839,0.425,0.908,0.454,117.017,141107,4,0
0.479,0.973,0,-6.076,0,0.0582,0.38,0.287,0.164,160.103,123266,4,0
0.598,0.945,11,-6.003,0,0.0668,0.0317,0.957,0.101,125.043,230077,4,0
0.672,0.568,9,-13.064,1,0.0481,0.31,0.901,0.11,107.038,276573,4,0
0.58,0.422,4,-12.654,0,0.0281,0.211,0.589,0.0944,140.014,231400,4,0
0.564,0.903,6,-6.413,0,0.0334,0.074,2.32e-05,0.26,117.014,245753,4,0
0.349,0.405,3,-17.494,1,0.0354,0.97,0.961,0.0772,173.876,294262,4,0
0.895,0.543,6,-7.75,1,0.0803,0.319,0.131,0.079,109.979,226973,4,0
0.569,0.88,6,-6.581,0,0.0313,0.0778,7.36e-05,0.13,112.976,197184,4,0
0.445,0.808,4,-12.518,1,0.0454,0.383,0.239,0.14,133.258,186000,4,0
0.425,0.964,2,-5.422,1,0.0828,0.178,0.0,0.104,175.58,126733,3,0
0.231,0.36,7,-10.119,1,0.0478,0.103,0.0257,0.0757,60.017,439200,4,0
0.539,0.63,10,-6.439,1,0.0268,0.69,2.41e-06,0.32,142.652,258292,4,0
0.601,0.469,0,-7.72,1,0.0324,0.795,0.00531,0.0772,120.015,219853,4,0
0.54,0.861,5,-7.723,1,0.0388,0.0269,0.00448,0.0761,104.989,308213,4,0
0.34,0.31,2,-11.667,0,0.0311,0.312,0.000326,0.101,77.631,391893,4,0
0.751,0.533,6,-11.355,0,0.0426,0.535,0.158,0.098,126.961,206893,4,0
0.712,0.788,9,-6.911,1,0.0773,0.115,0.0248,0.0856,134.978,260085,4,0
0.608,0.474,8,-8.312,1,0.0273,0.855,0.00573,0.141,118.378,288720,3,0
0.526,0.437,5,-11.761,1,0.0343,0.815,0.00169,0.0969,114.03,328013,4,0
0.599,0.533,9,-14.032,0,0.0472,0.475,0.00153,0.235,122.262,228467,4,0
0.695,0.729,1,-4.435,1,0.0324,0.0375,0.00625,0.292,144.035,211267,4,0
0.681,0.773,9,-7.159,1,0.034,0.096,0.000715,0.167,140.027,196040,4,0
0.46,0.868,4,-4.489,0,0.0619,0.00608,0.0399,0.0751,181.995,282147,4,0
0.615,0.931,3,-7.8,1,0.24,0.0352,2.37e-05,0.0914,137.544,309093,3,0
0.788,0.543,2,-8.657,0,0.0286,0.0734,9.69e-05,0.0567,109.989,266933,4,0
0.786,0.362,7,-13.785,0,0.0373,0.695,0.408,0.0897,115.022,176480,4,0
0.67,0.255,11,-15.223,1,0.0408,0.902,0.000218,0.109,109.999,222715,4,0
0.413,0.559,9,-9.044,0,0.0622,0.529,0.0675,0.617,96.752,270987,3,0
0.499,0.496,0,-10.246,0,0.0327,0.644,0.368,0.0934,140.047,283387,4,0
0.665,0.59,1,-6.831,0,0.0257,0.358,0.628,0.564,110.069,308680,4,0
0.259,0.897,6,-5.048,0,0.0848,0.00146,0.0135,0.308,165.051,303493,4,0
0.813,0.619,5,-7.579,1,0.0856,0.0678,0.438,0.328,136.286,279067,3,0
0.611,0.56,5,-9.946,1,0.0701,0.0557,0.591,0.0701,170.346,192773,4,0
0.86,0.711,9,-6.749,0,0.106,0.153,0.000649,0.219,121.972,223533,4,0
0.612,0.807,10,-2.81,1,0.0336,0.0495,0.0177,0.101,124.053,240400,4,0
0.331,0.676,5,-9.804,1,0.0382,0.318,1.05e-06,0.112,85.862,334600,4,0
0.67,0.367,7,-12.901,0,0.0335,0.904,0.228,0.126,120.049,280435,4,0
0.496,0.432,9,-11.834,1,0.0344,0.275,0.00325,0.0936,116.052,147133,4,0
0.58,0.625,10,-12.073,0,0.0903,5.46e-05,0.725,0.1,97.043,247267,4,0
0.541,0.414,1,-7.752,1,0.0293,0.799,0.00246,0.117,114.639,121547,4,0
0.293,0.462,5,-11.412,0,0.0453,0.699,0.0444,0.0954,124.004,251427,5,0
0.659,0.622,0,-9.641,1,0.0386,0.349,0.568,0.155,92.012,269640,4,0
0.542,0.54,0,-8.545,0,0.0249,0.26,0.00068,0.127,90.993,225120,4,0
0.756,0.28,5,-14.27,1,0.0296,0.616,0.00033,0.414,109.413,231000,4,0
0.782,0.325,11,-12.975,1,0.0968,0.731,0.906,0.115,79.92,357827,4,0
0.226,0.0774,2,-28.751,0,0.0423,0.995,0.979,0.0823,100.93,211373,4,0
0.142,0.042,9,-26.441,0,0.0432,0.971,0.913,0.052,141.164,255333,3,0
0.603,0.53,10,-11.258,0,0.281,0.461,0.019,0.145,143.976,138000,4,0
0.66,0.639,3,-9.826,1,0.0354,0.872,0.00642,0.103,126.329,343480,4,0
0.637,0.782,9,-6.466,0,0.0294,0.0517,0.0549,0.122,129.999,340853,4,0
0.29,0.909,10,-4.107,1,0.0833,0.111,1.4e-06,0.148,177.985,274893,4,0
0.63,0.76,4,-8.11,1,0.0559,0.221,0.374,0.264,103.718,206467,4,0
0.563,0.508,6,-7.003,0,0.0402,0.886,0.146,0.0848,130.073,289560,4,0
0.667,0.726,11,-5.412,0,0.0262,0.315,0.179,0.0936,88.505,318267,4,0
0.752,0.712,8,-10.219,1,0.321,0.0669,0.0,0.138,103.124,286507,4,0
0.402,0.555,0,-6.949,1,0.0275,0.000489,0.606,0.11,108.532,305333,4,0
0.523,0.765,3,-5.803,0,0.0701,0.099,0.000345,0.0702,120.008,324613,4,0
0.234,0.445,7,-9.078,1,0.0362,0.671,0.248,0.112,163.467,320787,3,0
0.26,0.724,7,-5.093,1,0.033,0.334,0.0,0.114,93.726,202560,3,0
0.587,0.317,5,-14.901,1,0.0451,0.684,0.136,0.321,167.29,215253,4,0
0.343,0.782,0,-5.365,1,0.0354,0.111,0.0113,0.118,126.328,293267,4,0
0.597,0.801,0,-6.38,1,0.203,0.0119,2.05e-05,0.0465,145.173,190000,4,0
0.582,0.604,9,-6.962,1,0.0493,0.134,0.000957,0.102,143.952,219400,4,0
0.729,0.801,8,-6.141,0,0.0379,0.0438,0.564,0.148,114.981,269800,4,0
0.348,0.496,8,-8.322,1,0.0342,0.769,3.76e-06,0.114,130.99,206187,4,0
0.736,0.58,5,-9.643,0,0.0485,0.263,0.663,0.101,140.04,260413,4,0
0.734,0.579,2,-8.805,1,0.056,0.0268,0.0319,0.0832,172.009,283293,4,0
0.764,0.525,8,-11.975,0,0.0709,0.088,0.399,0.0751,100.026,177453,4,0
0.168,0.868,11,-5.64,0,0.0948,0.619,0.0857,0.0841,85.439,318347,4,0
0.459,0.476,5,-7.383,1,0.0308,0.118,0.00292,0.109,120.34,215987,4,0
0.369,0.762,8,-9.257,1,0.0462,0.0287,0.428,0.0987,114.147,243240,4,0
0.544,0.669,5,-9.313,1,0.0307,0.00147,0.0255,0.175,140.031,260893,4,0
0.602,0.462,4,-10.789,0,0.037,0.16,0.82,0.276,124.996,220003,4,0
0.616,0.827,7,-5.485,0,0.0383,0.00993,0.73,0.0618,107.505,353306,4,0
0.365,0.875,1,-3.228,1,0.131,0.00893,0.0,0.0786,98.708,225307,4,1
0.499,0.769,1,-5.576,1,0.0522,0.00416,0.0274,0.117,110.835,224147,3,1
0.78,0.887,2,-3.352,1,0.0578,0.00064,0.718,0.272,123.0,154146,4,1
0.507,0.239,9,-15.099,0,0.0352,0.766,0.000793,0.121,77.873,225307,4,1
0.533,0.129,3,-12.095,1,0.0441,0.936,0.0552,0.0908,100.863,903453,4,1
0.769,0.874,5,-5.528,0,0.0504,0.0395,0.000442,0.277,126.063,293147,4,1
0.902,0.692,9,-7.057,0,0.0714,0.0882,0.823,0.0884,125.023,327400,4,1
0.607,0.294,5,-11.836,1,0.0764,0.778,0.162,0.106,76.083,303973,4,1
0.51,0.434,1,-10.004,1,0.0361,0.177,0.516,0.0603,119.695,308627,4,1
0.825,0.353,11,-8.859,0,0.156,0.815,0.018,0.109,129.936,125558,4,1
0.625,0.939,4,-3.115,0,0.0669,0.00138,0.0,0.424,102.999,194787,4,1
0.397,0.978,7,-5.565,1,0.0514,4.73e-06,0.591,0.321,107.703,214560,4,1
0.707,0.925,1,-3.067,1,0.0362,0.00215,3.62e-06,0.0617,110.012,227882,4,1
0.484,0.749,1,-4.176,1,0.0687,0.699,0.861,0.105,160.006,141395,4,1
0.871,0.341,3,-8.932,0,0.0576,0.0311,0.000124,0.0838,127.001,173386,4,1
0.614,0.937,1,-7.443,1,0.115,0.00161,0.00136,0.103,84.98,105176,4,1
0.632,0.922,7,-2.173,1,0.0794,0.00558,1.81e-05,0.0927,88.972,137747,4,1
0.653,0.524,11,-9.016,0,0.0502,0.112,0.0,0.203,83.97,160191,4,1
0.73,0.228,1,-11.393,1,0.204,0.546,1.81e-06,0.647,103.079,157144,4,1
0.767,0.938,5,-4.433,0,0.0505,0.592,0.0193,0.118,123.992,229805,4,1
0.596,0.448,5,-9.616,1,0.0396,0.365,5.3e-06,0.206,83.293,264504,4,1
0.579,0.508,2,-9.484,1,0.027,0.00574,0.000494,0.0575,147.125,391376,4,1
0.546,0.529,9,-13.6,1,0.0436,0.0629,0.000567,0.0383,151.727,271000,4,1
0.64,0.663,0,-7.516,1,0.0374,0.201,0.00806,0.152,132.77,140773,4,1
0.454,0.26,8,-13.193,0,0.0401,0.539,0.00078,0.0675,174.322,324133,5,1
0.654,0.929,1,-5.906,1,0.0998,0.0468,0.0,0.0539,144.774,168840,4,1
0.377,0.682,7,-8.039,1,0.0299,0.000894,0.00217,0.0504,108.736,285133,4,1
0.438,0.71,2,-12.412,1,0.0919,0.262,0.537,0.221,145.928,210373,4,1
0.531,0.481,4,-11.709,0,0.06,0.699,0.0,0.0842,138.45,516893,4,1
0.414,0.404,0,-9.928,0,0.0499,0.271,0.0,0.3,71.105,354320,4,1
0.574,0.913,6,-4.793,0,0.133,0.061,0.00158,0.156,115.728,208400,4,1
0.307,0.433,1,-10.057,1,0.029,0.388,9.08e-05,0.332,160.9,266960,4,1
0.73,0.868,5,-7.325,1,0.0288,0.0632,0.0661,0.318,148.217,350400,4,1
0.693,0.394,0,-15.882,1,0.0428,0.0782,0.000694,0.247,104.114,238747,4,1
0.597,0.605,7,-12.013,1,0.0255,0.181,0.000331,0.118,97.782,281147,4,1
0.273,0.952,11,-8.762,1,0.0843,0.0169,0.0111,0.142,100.271,405640,4,1
0.933,0.528,5,-6.472,0,0.162,0.112,0.329,0.163,109.975,214653,4,1
0.38,0.76,9,-10.961,1,0.0378,0.00298,0.0294,0.104,99.437,274133,4,1
0.743,0.836,2,-6.465,1,0.116,0.0804,0.0,0.384,113.375,188987,4,1
0.505,0.836,5,-7.384,0,0.101,0.0103,0.0771,0.295,159.669,204480,4,1
0.31,0.7,9,-5.678,1,0.047,0.011,0.00965,0.0828,188.386,255493,4,1
0.636,0.746,0,-3.785,1,0.0393,0.0648,0.29,0.173,132.31,138053,4,1
0.455,0.673,9,-6.302,1,0.0295,0.274,0.000945,0.0863,171.719,235813,4,1
0.262,0.513,4,-6.993,0,0.0302,0.884,0.0192,0.0952,182.886,227547,3,1
0.614,0.69,8,-5.046,1,0.0256,0.0273,0.00806,0.094,95.01,206000,4,1
0.49,0.758,7,-6.491,1,0.0297,0.000671,0.484,0.092,112.114,371413,4,1
0.555,0.807,0,-5.162,1,0.0259,0.114,0.000687,0.326,97.908,282760,4,1
0.396,0.473,10,-7.67,0,0.0345,0.326,0.000124,0.109,133.449,219027,4,1
0.398,0.19,4,-18.011,0,0.0302,0.987,0.911,0.0834,169.153,417733,4,1
0.646,0.857,1,-5.106,0,0.0507,0.23,7.08e-05,0.0786,171.992,231613,4,1
0.725,0.591,6,-6.406,1,0.0924,0.462,3.41e-06,0.0981,89.979,186533,4,1
0.619,0.376,7,-12.198,1,0.0484,0.826,0.719,0.106,94.973,315827,4,1
0.58,0.916,3,-4.358,0,0.0387,0.000297,0.0259,0.126,118.004,305907,4,1
0.629,0.58,7,-6.208,0,0.0278,0.357,0.000353,0.436,110.264,210300,4,1
0.704,0.225,6,-14.454,0,0.0994,0.902,0.657,0.106,120.006,245426,4,1
0.38,0.491,2,-11.738,0,0.0695,0.205,3.67e-06,0.08,142.126,627107,3,1
0.505,0.409,4,-10.588,0,0.0304,0.569,0.00228,0.153,116.05,247793,4,1
0.779,0.525,10,-5.756,0,0.0487,0.148,0.0,0.0675,120.018,247438,4,1
0.435,0.0901,8,-15.469,1,0.0582,0.809,1.19e-05,0.101,178.85,378400,3,1
0.578,0.192,3,-12.227,0,0.0621,0.965,0.000609,0.111,90.922,204267,4,1
0.794,0.0715,7,-21.305,1,0.131,0.388,0.0,0.111,68.331,202507,4,1
0.507,0.0677,2,-13.766,0,0.0406,0.978,2.74e-05,0.132,105.393,181827,5,1
0.525,0.141,5,-16.425,1,0.0471,0.984,0.000101,0.139,88.033,182239,4,1
0.549,0.268,8,-12.985,1,0.0398,0.675,0.0,0.262,124.322,176067,4,1
0.425,0.373,4,-7.543,1,0.0801,0.686,0.0,0.077,78.231,155307,4,1
0.687,0.578,10,-7.301,1,0.0559,0.326,0.0,0.0728,104.033,205449,4,1
0.715,0.516,2,-4.45,0,0.0368,0.307,0.0,0.14,136.014,229109,4,1
0.46,0.694,0,-7.881,1,0.0598,0.00237,0.0339,0.146,191.962,220000,4,1
0.727,0.484,9,-7.388,1,0.041,0.0702,7.74e-06,0.0489,140.962,189787,4,1
0.708,0.407,5,-7.413,1,0.0332,0.29,3.07e-06,0.121,82.996,127229,4,1
0.494,0.499,5,-6.389,0,0.0268,0.48,0.0,0.077,94.591,196183,4,1
0.53,0.862,10,-3.185,0,0.0469,0.00321,0.000104,0.0617,175.974,203204,4,1
0.767,0.682,7,-4.06,1,0.0663,0.108,0.00126,0.127,118.019,174353,4,1
0.644,0.156,1,-16.529,1,0.0329,0.532,0.0,0.105,113.96,171427,4,1
0.639,0.549,5,-8.318,0,0.0487,0.779,0.0,0.151,127.661,158933,4,1
0.616,0.426,9,-8.399,1,0.0421,0.634,0.0,0.0695,110.395,143613,4,1
0.618,0.737,2,-8.147,1,0.257,0.844,1.54e-05,0.171,165.104,164160,4,1
0.67,0.365,0,-10.158,1,0.0564,0.525,0.0,0.0575,119.344,147147,4,1
0.668,0.921,7,-3.727,1,0.0439,0.0492,0.00517,0.0877,120.0,212440,4,1
0.804,0.538,7,-9.328,1,0.0527,0.774,0.000118,0.12,134.59,176200,4,1
0.315,0.156,3,-8.234,1,0.0291,0.924,1.39e-06,0.219,81.478,168667,5,1
0.327,0.918,7,-5.067,1,0.0623,0.000337,0.246,0.0679,161.088,414960,4,1
0.435,0.353,2,-9.694,1,0.0308,0.544,1.74e-06,0.115,143.671,229640,3,1
0.655,0.625,7,-7.276,1,0.0771,0.0211,0.00136,0.182,82.996,216613,4,1
0.62,0.81,9,-7.194,0,0.0485,0.0093,4.51e-06,0.207,144.924,216566,4,1
0.552,0.569,2,-5.468,1,0.0339,0.0282,1.44e-05,0.134,85.002,189510,4,1
0.65,0.548,8,-8.767,1,0.0357,0.0407,0.0404,0.293,103.95,201813,4,1
0.449,0.725,10,-6.237,0,0.0609,0.00498,0.778,0.0475,160.048,195107,4,1
0.732,0.654,11,-6.842,0,0.0304,0.484,0.218,0.151,114.007,204410,4,1
0.905,0.389,8,-14.505,1,0.332,0.74,0.162,0.106,120.046,193143,4,1
0.678,0.533,4,-10.485,1,0.186,0.462,0.219,0.139,150.455,180953,4,1
0.701,0.425,7,-10.965,1,0.375,0.328,0.13,0.1,135.128,194088,4,1
0.613,0.697,2,-8.618,1,0.133,0.0194,0.0,0.332,122.746,320357,4,1
0.794,0.811,6,-8.966,0,0.038,0.0426,1.07e-06,0.101,116.047,248413,4,1
0.832,0.659,10,-7.828,0,0.057,0.0839,0.00114,0.0753,100.163,353893,4,1
0.576,0.616,0,-5.924,0,0.0618,0.748,0.011,0.206,97.896,258707,4,1
0.705,0.719,10,-7.686,0,0.0283,0.0752,3.21e-05,0.311,113.992,227120,4,1
0.533,0.376,9,-11.913,0,0.0393,0.0302,0.248,0.0926,165.007,259947,4,1
0.663,0.712,2,-7.268,1,0.0479,0.524,0.0,0.0804,113.439,236520,4,1
0.315,0.534,9,-7.552,0,0.031,0.000825,0.108,0.101,116.891,269720,3,1
0.608,0.746,0,-8.851,1,0.354,0.026,2.39e-06,0.043,134.03,191947,4,1
0.633,0.757,0,-6.588,1,0.0327,0.124,0.0154,0.123,89.984,232413,4,1
0.336,0.792,9,-10.875,1,0.084,0.00351,0.00175,0.0437,155.587,355304,4,1
0.533,0.905,2,-5.27,1,0.0754,0.00876,0.578,0.0698,108.9,170813,4,1
0.493,0.961,2,-4.51,1,0.0671,0.00146,0.132,0.165,100.0,302813,4,1
0.526,0.251,8,-16.178,1,0.0275,0.191,0.034,0.107,92.546,294293,4,1
0.444,0.873,2,-4.877,1,0.119,0.000233,1.01e-05,0.0951,159.888,166573,4,1
0.66,0.115,4,-17.199,1,0.487,0.991,0.0,0.166,118.269,137555,4,1
0.749,0.794,0,-5.063,1,0.064,0.0193,0.0,0.543,135.959,269554,4,1
0.673,0.377,0,-14.141,1,0.0697,0.586,0.0,0.332,88.973,201467,4,1
0.634,0.433,2,-12.185,0,0.0426,0.932,0.000511,0.149,113.488,256733,4,1
0.738,0.554,1,-7.805,1,0.0774,0.0981,0.000379,0.47,96.0,161173,4,1
0.462,0.538,0,-5.527,1,0.059,0.0137,0.0,0.429,139.256,203507,4,1
0.568,0.493,0,-9.112,0,0.0381,0.106,0.0,0.757,143.223,156317,4,1
0.45,0.968,5,-4.284,0,0.095,0.0145,0.869,0.127,128.211,241160,4,1
0.553,0.546,9,-7.459,0,0.0341,0.439,0.000557,0.167,118.214,342067,4,1
0.644,0.124,5,-17.873,0,0.0624,0.975,0.888,0.106,79.469,280947,4,1
0.496,0.634,5,-10.328,0,0.0364,0.779,0.402,0.0746,93.357,423573,4,1
0.517,0.887,10,-7.637,0,0.0732,0.000244,0.00258,0.151,166.008,321162,4,1
0.352,0.866,2,-3.274,1,0.0392,3.03e-05,2.92e-05,0.295,165.209,174013,4,1
0.545,0.815,2,-6.871,1,0.0437,0.0803,0.193,0.116,129.126,234360,4,1
0.264,0.122,9,-15.399,1,0.0349,0.885,0.349,0.094,148.658,371320,4,1
0.607,0.862,4,-4.848,0,0.306,0.279,0.0,0.138,93.059,215787,4,1
0.555,0.883,2,-3.426,1,0.0341,0.00114,0.041,0.868,125.02,316718,4,1
0.619,0.577,6,-9.754,1,0.0342,0.239,0.779,0.122,159.844,289200,4,1
0.442,0.193,1,-14.045,1,0.0357,0.995,0.936,0.28,109.572,196267,4,1
0.699,0.812,0,-6.005,1,0.0377,0.0164,0.000763,0.105,138.185,276693,4,1
0.579,0.415,7,-11.599,1,0.0397,0.929,0.0018,0.671,102.713,219093,4,1
0.459,0.891,10,-5.057,0,0.0623,0.00511,0.0,0.106,154.837,203507,4,1
0.718,0.691,4,-6.44,1,0.0387,0.0159,0.0,0.0627,100.008,213107,4,1
0.398,0.954,6,-7.373,1,0.0715,0.0133,0.000218,0.0891,157.766,148573,4,1
0.225,0.948,9,-2.945,1,0.136,0.00718,0.0,0.25,179.634,188187,4,1
0.55,0.913,9,-3.104,0,0.0661,0.00564,0.0,0.2,126.106,177827,4,1
0.566,0.815,9,-4.481,0,0.14,0.0737,0.0,0.12,169.961,185587,4,1
0.62,0.961,11,-3.198,0,0.154,0.00523,0.0,0.0854,114.448,180267,4,1
0.494,0.946,4,-2.757,1,0.0637,0.00129,0.0,0.398,103.408,169027,4,1
0.544,0.636,0,-8.732,1,0.04,0.0508,0.0,0.117,128.91,211533,4,1
0.593,0.468,0,-13.08,0,0.0395,0.414,0.0122,0.283,125.357,604773,4,1
0.678,0.575,5,-6.309,1,0.0347,0.415,0.0,0.0855,124.038,219400,4,1
0.629,0.639,0,-7.962,1,0.24,0.348,0.00148,0.373,93.244,215173,4,1
0.533,0.655,5,-7.775,1,0.166,0.175,0.000505,0.109,87.599,252973,4,1
0.903,0.691,7,-6.123,1,0.303,0.0895,0.0,0.0472,120.012,193241,4,1
0.55,0.826,0,-5.932,1,0.236,0.162,0.00114,0.127,89.762,198533,4,1
0.574,0.926,9,-3.663,0,0.0371,0.00154,0.0,0.136,121.544,208551,4,1
0.644,0.975,11,-3.379,1,0.0511,0.0424,0.000266,0.0991,122.999,206053,4,1
0.638,0.973,11,-3.345,1,0.0529,0.0468,0.000303,0.0708,122.998,207162,4,1
0.628,0.939,5,-4.323,0,0.0551,0.0942,0.000121,0.388,122.984,227804,4,1
0.662,0.805,11,-5.683,1,0.033,0.00299,0.0178,0.237,133.935,216791,4,1
0.348,0.351,0,-9.883,0,0.0344,0.408,0.0,0.055,164.054,229320,4,1
0.278,0.676,9,-8.821,1,0.0371,0.000423,0.000899,0.136,104.545,237027,4,1
0.606,0.924,11,-4.531,0,0.0349,0.00216,3.3e-06,0.24,144.998,206840,4,1
0.572,0.912,7,-4.875,1,0.0707,0.00155,1.2e-06,0.102,156.073,187187,4,1
0.642,0.873,2,-5.821,1,0.0551,0.00394,0.0,0.175,82.002,192053,4,1
0.562,0.532,0,-8.306,1,0.0669,0.736,2.47e-05,0.155,61.842,176887,4,1
0.505,0.444,7,-7.061,1,0.0387,0.542,1.31e-05,0.12,148.723,200653,4,1
0.735,0.45,8,-9.281,1,0.0346,0.422,0.0,0.108,125.951,201027,4,1
0.489,0.382,8,-8.719,1,0.0315,0.492,0.00232,0.0897,125.161,298093,4,1
0.602,0.598,10,-7.821,0,0.0346,0.48,0.000592,0.101,78.413,216120,4,1
0.639,0.565,5,-9.655,0,0.0318,0.598,0.0167,0.0885,88.582,247880,4,1
0.627,0.32,5,-11.007,1,0.0274,0.857,0.000111,0.127,96.504,309693,3,1
0.421,0.0867,0,-18.732,1,0.037,0.871,0.429,0.115,95.438,265320,4,1
0.871,0.541,9,-6.68,1,0.243,0.342,0.0,0.0789,96.003,252000,4,1
0.532,0.857,8,-3.524,1,0.348,0.234,0.0,0.261,80.198,212147,4,1
0.716,0.805,2,-5.823,1,0.24,0.638,0.0216,0.11,91.009,221597,4,1
0.741,0.794,9,-5.502,0,0.191,0.369,0.00231,0.217,91.042,196200,4,1
0.746,0.716,2,-4.952,1,0.412,0.274,0.0,0.0508,89.994,237667,4,1
0.738,0.876,2,-3.609,1,0.153,0.37,9.75e-06,0.177,90.192,236640,4,1
0.567,0.739,0,-7.489,1,0.52,0.743,0.0,0.118,84.119,277093,4,1
0.591,0.743,1,-6.4,1,0.341,0.679,0.0,0.266,147.839,122013,4,1
0.707,0.468,4,-12.814,1,0.462,0.792,0.0,0.11,91.73,221827,4,1
0.725,0.854,9,-4.105,1,0.0408,0.0956,0.0,0.0763,95.023,354227,4,1
0.55,0.938,11,-3.556,0,0.0522,0.00171,2.18e-05,0.555,133.99,214493,4,1
0.61,0.77,6,-4.136,1,0.0314,0.000229,0.168,0.298,115.982,260920,4,1
0.652,0.825,11,-5.705,1,0.0584,0.00853,9.36e-05,0.114,133.009,246213,4,1
0.552,0.915,4,-3.713,1,0.0559,0.0013,3.74e-05,0.206,90.013,203413,4,1
0.558,0.924,9,-4.341,0,0.064,0.0271,3.32e-06,0.537,151.99,186827,4,1
0.383,0.861,4,-2.816,0,0.0777,0.0038,0.0,0.11,176.084,228360,4,1
0.562,0.964,4,-2.991,0,0.072,0.000539,1.57e-06,0.579,138.063,244960,4,1
0.683,0.585,8,-6.76,1,0.0323,0.00819,0.0162,0.0797,115.997,235000,4,1
0.467,0.774,9,-6.569,0,0.0485,0.0616,0.289,0.108,135.006,346693,4,1
0.256,0.679,9,-4.495,0,0.0387,0.00451,0.0409,0.172,158.718,295373,4,1
0.502,0.417,10,-7.665,1,0.0718,0.127,0.00419,0.106,180.301,281040,4,1
0.55,0.874,4,-4.046,1,0.0321,0.000436,1.02e-05,0.206,121.61,240213,4,1
0.602,0.905,2,-4.046,1,0.0775,0.000202,0.064,0.117,128.019,304840,4,1
0.585,0.842,9,-5.883,0,0.0556,0.00242,0.00686,0.0866,118.211,237040,4,1
0.532,0.878,5,-4.431,0,0.0326,0.00229,0.000282,0.0771,104.026,231667,4,1
0.416,0.741,7,-4.001,1,0.0335,0.00804,0.0,0.273,160.515,202973,4,1
0.472,0.772,5,-5.928,1,0.0316,0.00658,5.65e-05,0.132,139.993,393480,4,1
0.214,0.931,7,-3.347,0,0.143,0.000705,3.09e-06,0.0797,162.115,348387,4,1
0.499,0.819,10,-6.781,1,0.0347,0.00577,0.00886,0.368,125.976,337453,4,1
0.475,0.875,4,-5.11,1,0.0311,0.00416,9.66e-05,0.222,149.993,201250,4,1
0.58,0.82,0,-5.476,1,0.166,0.118,0.0,0.08,146.979,259267,4,1
0.475,0.906,4,-4.995,0,0.0377,0.0048,0.0,0.0998,79.089,249000,4,1
0.299,0.971,7,-3.118,1,0.142,0.000456,0.0,0.283,184.549,259307,4,1
0.473,0.767,5,-6.383,1,0.0548,0.00116,0.000798,0.109,180.024,328387,4,1
0.474,0.989,7,-4.11,1,0.198,0.000251,9.58e-05,0.328,109.982,220034,4,1
0.455,0.996,0,-3.394,1,0.193,0.000213,6.32e-06,0.412,165.05,243720,4,1
0.429,0.993,0,-3.454,1,0.0962,2.96e-05,0.0,0.328,172.067,239187,4,1
0.416,0.973,7,-4.839,1,0.0912,1.06e-05,0.327,0.0931,93.98,217773,4,1
0.536,0.97,0,-4.82,1,0.051,3.45e-05,3.98e-06,0.193,99.992,204840,4,1
0.432,0.904,10,-3.697,0,0.0432,0.000321,0.00982,0.206,144.401,279240,4,1
0.297,0.877,8,-4.814,1,0.0444,0.000473,2.74e-05,0.0687,115.712,416747,4,1
0.635,0.715,2,-9.216,1,0.025,0.00978,0.0177,0.152,140.002,196893,4,1
0.632,0.51,10,-8.018,1,0.0345,0.564,1.51e-06,0.279,134.024,273893,4,1
0.62,0.788,7,-5.843,1,0.04,0.0842,0.0774,0.108,158.932,238333,4,1
0.589,0.442,4,-8.517,1,0.0291,0.334,0.000424,0.0987,122.688,224320,3,1
0.306,0.926,1,-2.754,0,0.0912,0.000311,0.000644,0.0776,158.47,225067,4,1
0.354,0.982,4,-3.026,0,0.168,0.000237,0.000294,0.204,143.772,252613,4,1
0.468,0.976,7,-4.013,0,0.0732,5.29e-05,0.00195,0.0931,146.066,234827,4,1
0.686,0.574,5,-6.249,1,0.0404,0.739,0.0,0.109,126.98,184250,4,1
0.451,0.951,1,-3.754,1,0.0645,0.00038,2.39e-06,0.261,162.065,213933,4,1
0.58,0.702,4,-5.565,1,0.0337,0.0466,3.2e-06,0.536,105.076,208960,4,1
0.466,0.965,1,-2.597,0,0.0904,0.042,0.0,0.101,95.028,173933,3,1
0.524,0.939,9,-3.994,1,0.113,0.00022,0.0,0.623,150.184,184867,4,1
0.585,0.972,9,-4.45,0,0.0534,0.0143,0.0,0.0707,110.006,230253,4,1
0.529,0.967,1,-3.647,0,0.0508,0.114,0.0,0.61,140.127,166373,4,1
0.492,0.969,9,-4.419,1,0.0491,0.0014,1.32e-06,0.0787,95.136,157333,4,1
0.542,0.932,4,-4.896,1,0.05,0.0747,0.0,0.613,140.135,164760,4,1
0.579,0.849,4,-5.218,0,0.0303,0.108,0.0,0.0909,100.021,196907,4,1
0.493,0.808,5,-3.365,0,0.0362,0.000235,0.0,0.0983,117.971,268613,4,1
0.554,0.978,4,-3.554,1,0.131,0.111,0.0,0.0731,135.095,162600,4,1
0.574,0.977,9,-4.543,0,0.0524,0.0111,0.0,0.172,110.003,231320,4,1
0.484,0.727,0,-6.107,1,0.0358,0.198,0.00204,0.107,120.066,296560,4,1
0.487,0.961,4,-4.139,1,0.132,0.0415,1.15e-06,0.553,170.005,231680,4,1
0.493,0.808,5,-3.365,0,0.0362,0.000235,0.0,0.0983,117.971,268613,4,1
0.623,0.93,5,-5.285,1,0.0324,0.0141,1.64e-06,0.138,120.119,205613,4,1
0.496,0.863,9,-4.153,1,0.0381,0.0046,0.0,0.639,110.018,185587,4,1
0.556,0.864,3,-5.87,0,0.0584,0.00958,0.0,0.209,105.143,216880,4,1
0.637,0.588,1,-5.93,0,0.0638,0.0711,0.0,0.0917,190.038,250053,4,1
0.73,0.873,5,-4.543,0,0.0403,0.117,0.0,0.368,102.535,239267,4,1
0.532,0.903,0,-5.727,1,0.287,0.0361,0.0,0.379,183.854,293859,4,1
0.805,0.837,10,-4.72,1,0.0369,0.24,5.38e-06,0.186,110.057,228016,4,1
0.776,0.851,5,-4.785,0,0.0657,0.0691,0.0,0.102,97.01,251751,4,1
0.736,0.899,2,-5.648,0,0.24,0.183,0.0,0.0922,124.994,279827,4,1
0.174,0.337,10,-8.767,1,0.0313,0.474,0.000294,0.11,85.574,202547,3,1
0.531,0.825,7,-5.333,0,0.0545,0.00191,0.0,0.329,156.071,171520,4,1
0.506,0.817,11,-5.051,0,0.0335,0.00272,0.0,0.0486,109.952,208707,4,1
0.562,0.904,1,-4.947,1,0.0807,0.00302,0.0,0.0433,94.481,158667,4,1
0.518,0.892,11,-4.249,1,0.221,0.0027,0.0,0.25,160.117,180267,4,1
0.49,0.848,9,-5.05,1,0.0645,0.00043,8.49e-06,0.0665,175.998,196520,4,1
0.688,0.528,6,-6.854,1,0.282,0.783,0.0,0.24,89.016,176065,4,1
0.725,0.441,0,-9.709,1,0.0906,0.438,0.000801,0.117,78.996,261834,4,1
0.66,0.551,6,-6.936,0,0.0683,0.809,0.0,0.179,89.165,108560,4,1
0.486,0.365,8,-8.939,1,0.0418,0.855,0.0,0.0897,90.68,167613,4,1
0.405,0.91,9,-5.234,1,0.128,0.000499,0.0,0.0739,196.444,178267,4,1
0.49,0.193,11,-9.544,1,0.0421,0.862,9.74e-06,0.113,89.154,189507,4,1
0.345,0.0581,3,-17.217,1,0.0374,0.976,0.000366,0.103,174.117,189507,4,1
0.47,0.474,5,-9.406,1,0.0262,0.0643,0.0,0.0645,170.173,247773,4,1
0.651,0.764,11,-6.403,1,0.0341,0.00121,1.14e-05,0.079,110.022,227813,4,1
0.304,0.516,4,-7.004,0,0.0272,0.882,0.0371,0.0968,91.476,227547,3,1
0.676,0.855,11,-7.672,0,0.111,0.00127,0.00111,0.301,127.945,175427,4,1
0.747,0.751,0,-9.607,0,0.25,0.0471,0.0,0.746,126.045,208827,4,1
0.718,0.655,11,-8.252,0,0.214,0.133,1.87e-06,0.229,112.968,249520,4,1
0.547,0.486,10,-9.855,1,0.0976,0.196,1.73e-06,0.321,136.893,158960,4,1
0.662,0.824,8,-8.016,1,0.102,0.0212,0.000149,0.343,150.011,189027,4,1
0.838,0.743,11,-9.098,0,0.332,0.031,0.0,0.0852,138.02,239227,4,1
0.642,0.628,0,-7.454,1,0.195,0.0826,6.43e-06,0.261,126.562,218653,4,1
0.556,0.668,0,-9.569,0,0.031,0.00569,0.873,0.238,102.007,229320,4,1
0.847,0.69,10,-8.053,0,0.163,0.00373,9.28e-06,0.0597,137.012,225053,4,1
0.459,0.363,8,-12.522,1,0.144,0.0806,1.38e-05,0.113,102.574,180533,4,1
0.68,0.651,5,-9.113,0,0.141,0.195,0.00228,0.276,110.018,210933,4,1
0.461,0.628,4,-9.046,0,0.169,0.1,0.0,0.198,143.055,213933,4,1
0.79,0.59,1,-9.206,0,0.0793,0.0994,0.00203,0.065,119.951,206067,4,1
0.733,0.818,10,-7.222,0,0.0859,0.0241,0.0,0.0636,116.019,232147,4,1
0.56,0.742,9,-3.944,1,0.0241,0.413,0.0123,0.132,92.967,303693,4,1
0.575,0.86,8,-4.539,1,0.0457,0.0018,0.0,0.416,110.003,178541,4,1
0.562,0.904,1,-4.947,1,0.0807,0.00302,0.0,0.0433,94.481,158667,4,1
0.559,0.895,1,-4.476,0,0.0832,0.0154,0.0,0.175,183.825,213093,4,1
0.455,0.91,2,-4.464,1,0.166,0.000247,0.0,0.107,114.109,198040,4,1
0.578,0.886,11,-4.348,1,0.0633,0.011,0.0,0.143,80.008,180627,4,1
0.3,0.273,7,-11.504,1,0.0526,0.657,0.832,0.516,67.06,459467,3,1
0.809,0.304,9,-6.852,1,0.105,0.827,0.0,0.081,111.681,162960,4,1
0.389,0.889,9,-6.546,1,0.0442,0.0415,0.0,0.463,171.121,358427,4,1
0.671,0.744,9,-6.597,1,0.185,0.161,0.0,0.0777,174.382,241147,4,1
0.49,0.64,10,-8.566,1,0.0385,0.654,1.81e-05,0.108,99.61,346733,4,1
0.451,0.364,10,-11.798,1,0.0732,0.189,0.00252,0.094,68.169,238253,3,1
0.587,0.56,6,-7.426,1,0.0646,0.351,0.0,0.102,76.93,302800,4,1
0.627,0.783,1,-5.711,1,0.0841,0.132,0.0,0.0456,201.003,244747,4,1
0.449,0.572,9,-6.162,0,0.0303,0.398,0.0,0.0815,135.358,239747,4,1
0.35,0.0951,4,-14.8,1,0.0373,0.92,0.0,0.0989,96.516,249213,1,1
0.337,0.411,9,-9.681,0,0.0295,0.74,0.0,0.0925,141.899,218320,5,1
0.509,0.665,11,-6.313,1,0.03,0.321,0.0,0.11,154.291,226013,4,1
0.714,0.621,7,-7.935,1,0.0824,0.0296,1.35e-06,0.324,91.248,235333,4,1
0.556,0.521,11,-6.73,0,0.118,0.584,0.0,0.0711,90.132,276613,4,1
0.797,0.453,8,-10.498,1,0.104,0.249,0.00105,0.117,95.623,289120,4,1
0.736,0.649,6,-6.952,0,0.101,0.229,0.0,0.076,78.158,249493,4,1
0.73,0.874,9,-4.791,1,0.0545,0.00727,0.0116,0.0672,128.055,268125,4,1
0.52,0.803,0,-11.535,1,0.0579,0.0934,0.0479,0.976,106.962,277947,4,1
0.802,0.603,4,-7.453,0,0.134,0.471,0.0,0.14,126.381,195653,4,1
0.653,0.456,2,-7.831,1,0.0298,0.756,0.355,0.121,114.906,258787,4,1
0.552,0.511,8,-8.264,1,0.0349,0.445,2.22e-06,0.105,116.697,250280,4,1
0.553,0.908,4,-3.689,0,0.0356,0.00332,1.01e-05,0.136,140.03,208893,4,1
0.429,0.501,7,-6.339,0,0.0285,0.584,0.000322,0.12,87.114,215440,4,1
0.698,0.827,6,-4.755,1,0.0328,0.00724,0.0,0.0896,104.004,266623,4,1
0.698,0.715,11,-4.908,1,0.0269,0.211,0.000209,0.0915,100.015,222040,4,1
0.663,0.876,4,-4.937,0,0.0481,0.0013,2.01e-05,0.191,135.043,240465,4,1
0.279,0.423,4,-12.06,1,0.038,0.00957,0.837,0.128,101.571,231893,4,1
0.0632,0.422,4,-11.836,0,0.0364,0.086,0.234,0.0955,68.377,359120,5,1
0.251,0.238,4,-17.156,0,0.0345,0.798,0.922,0.132,144.394,406080,4,1
0.192,0.33,11,-9.373,0,0.0349,0.394,0.851,0.0929,132.907,244173,4,1
0.508,0.289,8,-16.771,0,0.0301,0.615,0.829,0.126,146.426,215253,4,1
0.581,0.862,6,-2.659,0,0.0458,0.333,0.0,0.141,132.119,202587,4,1
0.599,0.662,9,-7.217,1,0.0381,0.0553,0.144,0.102,129.027,219029,4,1
0.494,0.817,9,-5.239,0,0.0644,0.141,0.805,0.108,151.972,228259,4,1
0.569,0.68,9,-6.641,0,0.0284,0.348,0.008,0.116,122.032,224184,4,1
0.541,0.632,11,-5.958,0,0.0255,0.134,0.628,0.0314,98.898,245077,4,1
0.429,0.921,11,-4.636,0,0.0685,0.0119,0.547,0.113,191.867,216224,4,1
0.605,0.405,9,-10.432,0,0.0285,0.378,0.286,0.119,82.015,193508,3,1
0.419,0.684,3,-5.558,1,0.0262,0.428,0.875,0.137,177.823,226343,4,1
0.47,0.924,2,-4.424,1,0.08,0.0304,0.914,0.17,161.507,219908,4,1
0.525,0.616,2,-6.668,1,0.0277,0.0936,0.0307,0.288,114.005,220872,4,1
0.519,0.695,11,-5.705,0,0.0268,0.291,0.00447,0.0616,88.486,255496,4,1
0.309,0.256,2,-8.047,1,0.0288,0.933,0.285,0.126,152.367,230221,3,1
0.466,0.641,9,-6.254,1,0.0269,0.256,0.000989,0.0863,171.917,235817,4,1
0.555,0.391,0,-8.085,0,0.0444,0.326,0.0,0.315,117.451,177349,4,1
0.696,0.547,5,-5.954,0,0.169,0.792,0.0,0.155,73.203,155507,4,1
0.434,0.992,2,-5.744,1,0.0536,0.000283,0.968,0.322,140.025,93240,4,1
0.42,0.777,4,-5.936,0,0.0314,0.567,0.793,0.174,143.946,310813,3,1
0.567,0.946,2,-3.973,0,0.0935,0.00267,0.0,0.0567,94.985,245573,4,1
0.532,0.953,8,-5.667,1,0.0394,0.000104,0.00765,0.119,142.016,261573,4,1
0.541,0.968,0,-4.129,1,0.0396,0.000248,8.28e-06,0.423,125.04,311813,4,1
0.576,0.906,2,-7.677,1,0.0571,0.000332,0.0614,0.0908,127.935,323800,4,1
0.322,0.28,6,-9.367,0,0.0281,0.468,1.1e-06,0.102,85.794,248467,4,1
0.672,0.397,8,-8.804,1,0.381,0.627,0.0,0.54,105.71,320680,4,1
0.236,0.971,6,-3.98,0,0.0987,0.000759,3.87e-05,0.172,159.001,239960,4,1
0.213,0.943,3,-3.817,0,0.125,0.000608,0.000307,0.175,183.142,278347,3,1
0.457,0.219,8,-15.325,0,0.0385,0.545,0.00098,0.0681,168.55,323067,5,1
0.203,0.112,11,-18.029,0,0.0418,0.936,0.935,0.126,72.483,106960,4,1
0.119,0.182,4,-23.807,1,0.0629,0.925,0.934,0.0802,70.488,219282,3,1
0.187,0.0338,1,-29.416,0,0.0378,0.965,0.981,0.105,68.409,100846,4,1
0.174,0.115,11,-25.492,0,0.037,0.954,0.923,0.0933,120.841,140611,4,1
0.212,0.184,1,-22.0,0,0.0374,0.956,0.949,0.12,129.099,365197,3,1
0.243,0.0971,4,-22.313,0,0.0322,0.935,0.942,0.0989,67.202,100372,4,1
0.34,0.386,4,-16.785,0,0.0378,0.889,0.905,0.252,151.964,256819,3,1
0.197,0.146,11,-26.23,0,0.041,0.328,0.892,0.11,82.876,66707,3,1
0.102,0.105,2,-23.772,0,0.032,0.86,0.905,0.0958,89.691,254428,3,1
0.123,0.194,5,-23.232,0,0.0452,0.277,0.876,0.345,66.894,161588,5,1
0.169,0.132,2,-23.625,0,0.038,0.918,0.927,0.108,67.793,84770,4,1
0.0999,0.369,2,-16.16,0,0.0502,0.885,0.898,0.0973,78.673,371514,3,1
0.0747,0.266,11,-15.495,0,0.0396,0.747,0.963,0.113,176.856,126370,4,1
0.109,0.186,11,-20.265,0,0.0342,0.933,0.851,0.128,154.838,118842,3,1
0.0678,0.224,11,-21.218,0,0.0413,0.888,0.533,0.111,73.999,136963,4,1
0.167,0.434,9,-19.593,0,0.0706,0.446,0.882,0.265,130.721,218781,3,1
0.159,0.277,11,-14.88,0,0.039,0.864,0.933,0.0691,107.093,430151,4,1
0.155,0.275,11,-14.345,0,0.0345,0.874,0.00654,0.146,82.484,286000,3,1
0.608,0.177,5,-15.387,0,0.0387,0.873,0.485,0.134,102.745,317672,4,1
0.457,0.899,10,-2.591,0,0.132,0.0019,0.0,0.831,147.268,215510,4,1
0.439,0.447,10,-8.318,0,0.0436,0.111,0.0,0.303,121.48,177029,4,1
0.607,0.827,1,-3.402,1,0.0464,0.00844,6.31e-06,0.336,110.917,228947,3,1
0.645,0.686,0,-7.242,1,0.0442,0.14,0.0095,0.365,132.563,138067,4,1
0.502,0.786,9,-4.378,0,0.317,0.255,0.0,0.65,169.021,243491,4,1
0.737,0.476,4,-5.825,0,0.0262,0.0908,5.39e-05,0.0968,90.028,195743,4,1
0.642,0.901,1,-3.688,0,0.0773,0.0168,1.97e-06,0.0887,100.039,202145,4,1
0.644,0.641,7,-7.501,0,0.305,0.403,0.0,0.5,127.824,207876,4,1
0.328,0.633,7,-5.699,1,0.0761,0.183,1.44e-06,0.0703,186.598,198711,3,1
0.914,0.64,7,-3.512,1,0.0738,0.00365,0.0,0.258,112.254,295827,4,1
0.606,0.887,1,-6.085,1,0.0814,0.00712,0.843,0.217,155.994,180272,4,1
0.386,0.562,10,-4.363,1,0.03,0.175,9.17e-06,0.209,72.945,363114,4,1
0.525,0.505,9,-12.494,1,0.0778,0.146,0.0175,0.119,179.638,227533,4,1
0.199,0.25,7,-14.521,1,0.0395,0.897,0.716,0.182,108.855,190136,4,1
0.413,0.881,11,-5.541,0,0.0367,5.99e-05,0.000308,0.0805,158.066,250547,4,1
0.502,0.978,7,-3.278,1,0.0649,0.000163,1.27e-06,0.287,138.811,126573,4,1
0.842,0.689,2,-4.258,1,0.234,0.0361,0.0,0.277,99.01,251533,4,1
0.484,0.0821,9,-20.509,0,0.0531,0.961,0.0874,0.11,118.922,253418,4,1
0.488,0.824,2,-7.878,1,0.0823,0.0112,0.0,0.348,134.814,255382,4,1
0.672,0.441,1,-9.065,0,0.0268,0.00991,6.7e-06,0.109,115.059,252162,4,1
